"Time (s)","Latitude (째)","Longitude (째)","Height (m)","Velocity (m/s)","Direction (째)","Horizontal Accuracy (m)","Vertical Accuracy (째)"
5.982995033E-3,6.494829163E1,2.555083412E1,1.482727067E1,1.261515617E0,1.842540584E2,5.943386361E0,1.877197031E1
2.080534935E0,6.494826924E1,2.555086091E1,1.533948598E1,8.377515674E-1,1.629195095E2,7.560490127E0,1.786110951E1
3.029205203E0,6.494824896E1,2.555085578E1,1.531511572E1,1.264488339E0,1.756640327E2,7.288313654E0,1.651368123E1
3.977954984E0,6.494823826E1,2.555086128E1,1.538986258E1,1.263821006E0,1.712224374E2,6.907817299E0,1.601244373E1
4.926778078E0,6.494822352E1,2.555085951E1,1.544814211E1,1.264488339E0,1.712102556E2,6.500378321E0,1.634843023E1
5.875671864E0,6.494821033E1,2.555086777E1,1.559401162E1,1.401651382E0,1.774862373E2,6.154318322E0,1.650267872E1
6.824629903E0,6.494820079E1,2.555088410E1,1.562696271E1,9.306822419E-1,1.715560006E2,5.879973203E0,1.676332559E1
7.810918927E0,6.494818705E1,2.555087952E1,1.578806178E1,1.347864270E0,1.834876892E2,5.717265079E0,1.700564585E1
8.809369683E0,6.494817639E1,2.555088670E1,1.633901910E1,1.066156864E0,1.881216922E2,1.087975201E1,3.145565339E1
9.808466077E0,6.494816706E1,2.555088134E1,1.659445439E1,1.347864270E0,1.710822185E2,6.063289174E0,1.769011907E1
1.080817497E1,6.494815705E1,2.555088144E1,1.704562667E1,1.439855218E0,1.623192824E2,9.198127464E0,2.707845359E1
1.180723584E1,6.494814550E1,2.555089820E1,1.770468611E1,1.573050261E0,1.725508581E2,1.368407692E1,4.093326239E1
1.280649006E1,6.494812897E1,2.555089828E1,1.803217687E1,1.573050261E0,1.684033590E2,9.949886358E0,3.019935551E1
1.380566907E1,6.494811899E1,2.555089644E1,1.831647132E1,1.538164854E0,1.757507247E2,7.975392683E0,2.456554180E1
1.480466664E1,6.494810523E1,2.555089885E1,1.814237451E1,1.538164854E0,1.757507269E2,7.975392683E0,2.456554180E1
1.580405331E1,6.494809598E1,2.555088838E1,1.854194381E1,1.450511336E0,1.835059744E2,8.383322016E0,2.640710640E1
1.680335903E1,6.494808525E1,2.555089421E1,1.896819915E1,1.361970544E0,1.727138678E2,5.242224919E0,1.667815639E1
1.780339301E1,6.494807193E1,2.555089284E1,1.972555013E1,1.093031287E0,1.772418232E2,8.961679811E0,2.875351743E1
1.880288768E1,6.494804210E1,2.555087156E1,2.031539218E1,2.253603697E0,1.790704496E2,5.100952640E0,1.639023855E1
1.980237579E1,6.494803026E1,2.555086246E1,2.051416139E1,1.909471750E0,1.737588416E2,7.120223735E0,2.304256910E1
2.080148029E1,6.494801405E1,2.555087062E1,2.086336417E1,1.909471750E0,1.776741603E2,9.191748378E0,2.991947347E1
2.180106390E1,6.494800508E1,2.555087072E1,2.098072250E1,1.586192966E0,1.812698414E2,1.177265342E1,3.852999157E1
2.280067277E1,6.494799303E1,2.555087449E1,2.131011064E1,1.635212541E0,1.803658708E2,8.391180159E0,2.742629168E1
2.380030668E1,6.494797390E1,2.555087953E1,2.145785634E1,1.958538294E0,1.838337587E2,5.271509598E0,1.697794732E1
2.479996336E1,6.494796143E1,2.555089086E1,2.151568251E1,1.635212541E0,1.798676303E2,9.803702017E0,3.177834284E1
2.579964161E1,6.494795004E1,2.555090177E1,2.133650159E1,1.570701361E0,1.742715684E2,5.295040317E0,1.686655002E1
2.679933894E1,6.494793866E1,2.555089433E1,2.156542363E1,1.458685517E0,1.801943913E2,7.747161124E0,2.381440685E1
2.779905570E1,6.494792419E1,2.555088264E1,2.190137762E1,1.620391011E0,1.882422157E2,1.147158781E1,3.727753070E1
2.879879045E1,6.494791080E1,2.555087418E1,2.197309016E1,1.732195497E0,1.888088897E2,1.396695838E1,4.548334160E1
2.979854178E1,6.494789926E1,2.555087302E1,2.230774615E1,1.620391011E0,1.773728307E2,1.037785967E1,3.252985421E1
3.079830813E1,6.494789360E1,2.555085681E1,2.288741894E1,1.494042397E0,1.803384824E2,1.306381032E1,4.045089185E1
3.179808986E1,6.494787926E1,2.555084088E1,2.326686636E1,1.417318463E0,1.842224022E2,5.241380147E0,1.628233863E1
3.279788482E1,6.494787271E1,2.555083742E1,2.363243316E1,1.299579620E0,1.803069071E2,5.182922183E0,1.612139827E1
3.379769289E1,6.494786254E1,2.555083275E1,2.386844955E1,1.463816047E0,1.827298848E2,5.173444562E0,1.574940406E1
3.479751265E1,6.494790655E1,2.555083359E1,3.702032101E1,1.497296155E0,1.792220224E2,4.801395567E0,4.649833309E0
3.579734302E1,6.494789379E1,2.555083539E1,3.725141830E1,1.493428926E0,1.767138957E2,4.781672039E0,4.545891377E0
3.679718423E1,6.494787893E1,2.555082221E1,3.771967048E1,1.657947756E0,1.882902769E2,4.770412240E0,4.467943585E0
3.779703653E1,6.494786425E1,2.555083078E1,3.728994314E1,1.464401807E0,1.876300826E2,4.717777847E0,4.320638086E0
3.879689670E1,6.494785466E1,2.555082981E1,3.788342403E1,1.182189851E0,1.847248405E2,4.722700296E0,4.250809478E0
3.979676652E1,6.494784063E1,2.555082986E1,3.765052918E1,1.293204059E0,1.844367209E2,4.720943669E0,4.181533630E0
4.079664373E1,6.494782997E1,2.555083015E1,3.809530980E1,1.253759778E0,1.812971350E2,4.721843376E0,4.126895915E0
4.179652941E1,6.494781570E1,2.555081231E1,3.861261748E1,1.518712461E0,1.882777706E2,4.712921544E0,4.043631568E0
4.279642153E1,6.494780149E1,2.555080863E1,3.909232467E1,1.568469811E0,1.843919006E2,4.698050322E0,3.978123103E0
4.379632032E1,6.494778814E1,2.555080787E1,3.934284688E1,1.558965466E0,1.821299290E2,4.692013099E0,3.919732073E0
4.479622531E1,6.494777398E1,2.555079475E1,3.929704733E1,1.541638016E0,1.919866984E2,4.681770600E0,3.887883052E0
4.579613686E1,6.494775950E1,2.555078913E1,3.817760304E1,1.504420879E0,1.932644077E2,4.667751694E0,3.825589914E0
4.679605401E1,6.494774644E1,2.555077412E1,3.894504269E1,1.529204718E0,1.987336575E2,4.660270469E0,3.772133048E0
4.779597580E1,6.494772915E1,2.555076400E1,3.862844563E1,1.605556791E0,1.998616034E2,4.660906514E0,3.720171406E0
4.879590297E1,6.494771461E1,2.555075998E1,3.809819354E1,1.558429891E0,1.996736338E2,4.651670084E0,3.697097935E0
4.979583395E1,6.494769864E1,2.555076202E1,3.778115066E1,1.498904630E0,1.963603222E2,4.647980459E0,3.674158455E0
5.079576993E1,6.494768033E1,2.555078323E1,3.715814956E1,1.504536158E0,1.799112962E2,4.646304674E0,3.638505038E0
5.179570937E1,6.494766765E1,2.555077752E1,3.721501757E1,1.530023371E0,1.830249672E2,4.635207957E0,3.628996048E0
5.279565275E1,6.494765302E1,2.555075789E1,3.741442924E1,1.579505574E0,1.929828583E2,4.632499472E0,3.607218044E0
5.379560006E1,6.494764095E1,2.555075056E1,3.738384712E1,1.545546869E0,1.953855910E2,4.630231341E0,3.581330430E0
5.479555023E1,6.494762676E1,2.555073761E1,3.780178180E1,1.573480976E0,1.985378856E2,4.629925223E0,3.557705797E0
5.579550302E1,6.494761218E1,2.555073713E1,3.782768974E1,1.561195439E0,1.937209594E2,4.627854631E0,3.539323628E0
5.679545975E1,6.494759612E1,2.555073191E1,3.761985202E1,1.589773098E0,1.926015011E2,4.628950285E0,3.520987971E0
5.779541850E1,6.494758210E1,2.555072542E1,3.757181776E1,1.581008226E0,1.928431747E2,4.626816059E0,3.523792018E0
5.879538059E1,6.494756670E1,2.555072351E1,3.709744429E1,1.560710002E0,1.904683854E2,4.628064649E0,3.522151989E0
5.979534376E1,6.494755396E1,2.555070631E1,3.669443441E1,1.563920173E0,1.980218040E2,4.628918540E0,3.521029705E0
6.079531014E1,6.494753962E1,2.555070061E1,3.619035381E1,1.556114819E0,1.977805471E2,4.631545640E0,3.517573314E0
6.179527843E1,6.494752500E1,2.555069288E1,3.626045597E1,1.605455167E0,1.975365055E2,4.634003928E0,3.514334165E0
6.279524827E1,6.494751006E1,2.555067746E1,3.601990375E1,1.605767205E0,2.033949482E2,4.633294571E0,3.515269329E0
6.379522073E1,6.494749512E1,2.555067958E1,3.548045828E1,1.580172416E0,1.975510388E2,4.633000801E0,3.515656498E0
6.479519498E1,6.494748141E1,2.555067085E1,3.534209456E1,1.502660096E0,1.984225475E2,4.637775029E0,3.509356039E0
6.579517043E1,6.494746864E1,2.555066008E1,3.580676211E1,1.507700268E0,1.976375462E2,4.644804619E0,3.500046726E0
6.679514742E1,6.494745452E1,2.555065455E1,3.567636534E1,1.587811608E0,1.932623873E2,4.649122821E0,3.494308805E0
6.779512525E1,6.494744197E1,2.555064421E1,3.534298155E1,1.587749322E0,1.956920774E2,4.649212876E0,3.494188986E0
6.879510510E1,6.494743212E1,2.555062069E1,3.516597251E1,1.586182746E0,2.063142485E2,4.644119515E0,3.500955722E0
6.979508638E1,6.494742071E1,2.555060746E1,3.553183196E1,1.607473760E0,2.068985528E2,4.646713969E0,3.497511448E0
7.079506791E1,6.494740686E1,2.555060032E1,3.550819168E1,1.610056410E0,2.011693036E2,4.649404977E0,3.493933370E0
7.179505134E1,6.494739456E1,2.555058664E1,3.584940373E1,1.625392452E0,2.008234508E2,4.650451979E0,3.492539681E0
7.279503572E1,6.494738150E1,2.555057181E1,3.592074631E1,1.601479256E0,1.997801169E2,4.652300649E0,3.490076747E0
7.379502153E1,6.494736886E1,2.555056307E1,3.559863103E1,1.571636970E0,1.975844623E2,4.650362194E0,3.492659230E0
7.479500675E1,6.494735567E1,2.555054660E1,3.583067814E1,1.579187251E0,2.008911718E2,4.651296609E0,3.491414741E0
7.579499483E1,6.494734307E1,2.555053781E1,3.565890914E1,1.571665713E0,1.987771900E2,4.651054954E0,3.491736652E0
7.679498255E1,6.494733087E1,2.555052325E1,3.585769252E1,1.581010074E0,2.001884046E2,4.651513011E0,3.491126429E0
7.779497063E1,6.494731741E1,2.555051876E1,3.594407004E1,1.587185784E0,1.947396632E2,4.652144686E0,3.490284637E0
7.879495990E1,6.494730558E1,2.555049785E1,3.617632522E1,1.601951467E0,2.055266052E2,4.653154686E0,3.488938019E0
7.979494953E1,6.494729151E1,2.555049653E1,3.617521256E1,1.596156792E0,1.941895723E2,4.653136405E0,3.488962400E0
8.079494059E1,6.494727726E1,2.555048848E1,3.671575264E1,1.610745323E0,1.949675612E2,4.653716669E0,3.488188383E0
8.179493177E1,6.494726554E1,2.555047303E1,3.688546523E1,1.585060939E0,2.014742502E2,4.654701935E0,3.486873518E0
8.279492331E1,6.494724900E1,2.555046498E1,3.625300718E1,1.651722369E0,1.969327425E2,4.651903763E0,3.490605738E0
8.379491496E1,6.494723489E1,2.555045800E1,3.647471182E1,1.610121832E0,1.967077580E2,4.644679934E0,3.500212186E0
8.479490829E1,6.494722010E1,2.555045103E1,3.621963645E1,1.555544052E0,1.963481183E2,4.641680318E0,3.504189044E0
8.579490077E1,6.494720691E1,2.555044375E1,3.630521991E1,1.480534396E0,1.984916461E2,4.643150868E0,3.502240291E0
8.679489410E1,6.494719790E1,2.555044580E1,3.650929751E1,1.102264253E0,1.950353450E2,4.660382837E0,3.479277057E0
8.779488862E1,6.494718521E1,2.555044732E1,3.648742480E1,1.143893799E0,1.904156644E2,4.674671761E0,3.460055052E0
8.879488301E1,6.494717484E1,2.555044393E1,3.632441484E1,1.025963493E0,1.948826215E2,4.672304594E0,3.463250903E0
8.979487705E1,6.494716017E1,2.555044046E1,3.627322310E1,1.107835133E0,1.956228677E2,4.686071749E0,3.444599919E0
9.079487205E1,6.494714714E1,2.555043263E1,3.630825706E1,1.116753561E0,2.003493556E2,4.685543614E0,3.445318283E0
9.179486787E1,6.494713308E1,2.555043190E1,3.622879912E1,1.138077290E0,1.999524546E2,4.690280024E0,3.438867595E0
9.279486358E1,6.494712003E1,2.555043240E1,3.659496669E1,1.101217623E0,1.986779296E2,4.696155655E0,3.430839416E0
9.379485869E1,6.494710185E1,2.555043217E1,3.687120747E1,1.219003150E0,1.962422579E2,4.687120522E0,3.443172700E0
9.479485452E1,6.494708719E1,2.555042097E1,3.678552370E1,1.243326127E0,2.012311333E2,4.689409324E0,3.440054829E0
9.579485083E1,6.494707280E1,2.555042970E1,3.694250858E1,1.109508498E0,1.947508889E2,4.681636600E0,3.450625418E0
9.679484749E1,6.494706151E1,2.555043431E1,3.711382649E1,9.397187299E-1,1.916783998E2,4.693311116E0,3.434729654E0
9.779484415E1,6.494704763E1,2.555043692E1,3.701322908E1,1.004491104E0,1.910186732E2,4.700160134E0,3.425351331E0
9.879484069E1,6.494702912E1,2.555042610E1,3.700064845E1,1.314933325E0,1.927462334E2,4.697853998E0,3.428513504E0
9.979483867E1,6.494701607E1,2.555041748E1,3.693589696E1,1.336184581E0,1.948860866E2,4.696221780E0,3.430748902E0
1.007948352E2,6.494700384E1,2.555040762E1,3.724340570E1,1.568373258E0,1.901058379E2,4.688594854E0,3.441164822E0
1.017948329E2,6.494699184E1,2.555039039E1,3.708023234E1,1.597916052E0,1.969024344E2,4.681704704E0,3.450533017E0
1.027948304E2,6.494697704E1,2.555038106E1,3.706830135E1,1.607454509E0,1.955965593E2,4.676756535E0,3.457236663E0
1.037948284E2,6.494696671E1,2.555035455E1,3.694695055E1,1.617165933E0,2.069932116E2,4.673205303E0,3.462035417E0
1.047948264E2,6.494695204E1,2.555034814E1,3.670379701E1,1.607969054E0,2.011705829E2,4.668718402E0,3.468083839E0
1.057948241E2,6.494693700E1,2.555034518E1,3.680602445E1,1.603432803E0,1.925130538E2,4.667143139E0,3.470203445E0
1.067948217E2,6.494692473E1,2.555032451E1,3.643833906E1,1.590928042E0,1.990576504E2,4.665161929E0,3.472866425E0
1.077948196E2,6.494691296E1,2.555030080E1,3.607123543E1,1.573026509E0,2.059426958E2,4.664349819E0,3.473957081E0
1.087948182E2,6.494689757E1,2.555029463E1,3.600333504E1,1.592711478E0,1.994814994E2,4.662067285E0,3.477019653E0
1.097948164E2,6.494688081E1,2.555028531E1,3.576275846E1,1.633737785E0,1.996559274E2,4.654777482E0,3.486772666E0
1.107948153E2,6.494686414E1,2.555029297E1,3.471048971E1,1.568236080E0,1.899721849E2,4.651947723E0,3.490547151E0
1.123069594E2,6.494684296E1,2.555015676E1,3.219909743E1,8.698073382E-1,3.437293931E2,4.685276106E0,3.445682058E0
1.133069591E2,6.494684982E1,2.555013345E1,3.215878695E1,9.849409831E-1,3.382245686E2,4.687940424E0,3.442056307E0
1.143069580E2,6.494684837E1,2.555010678E1,3.251987228E1,6.791711884E-1,3.196848757E2,4.689658608E0,3.439714985E0
1.153069571E2,6.494684452E1,2.555006119E1,3.203875980E1,8.379150125E-1,2.916977852E2,4.690361613E0,3.438756311E0
1.163069560E2,6.494684782E1,2.555002879E1,3.190203638E1,9.140228945E-1,2.840291655E2,4.667171960E0,3.470164683E0
1.173069556E2,6.494685660E1,2.554997222E1,3.237945884E1,1.963931008E0,2.811750700E2,4.665353095E0,3.472609614E0
1.183069544E2,6.494685545E1,2.554994559E1,3.184892014E1,1.706092466E0,2.754911054E2,4.667735050E0,3.469407231E0
1.193069531E2,6.494685830E1,2.554991458E1,3.147323532E1,1.695667764E0,2.751278023E2,4.674203600E0,3.460687466E0
1.203069529E2,6.494686177E1,2.554989049E1,3.065095808E1,1.532835273E0,2.788576181E2,4.690186070E0,3.438995734E0
1.213069523E2,6.494686609E1,2.554986105E1,2.969885830E1,1.490659296E0,2.836891312E2,4.696758894E0,3.430013546E0
1.223069517E2,6.494686900E1,2.554983937E1,2.931417142E1,1.334918970E0,2.834713414E2,4.704328102E0,3.419624854E0
1.233069507E2,6.494687104E1,2.554982366E1,2.955208313E1,1.004848198E0,2.819815498E2,4.706868800E0,3.416126920E0
1.243069505E2,6.494687720E1,2.554978890E1,2.935818167E1,1.260688576E0,2.823809570E2,4.709894278E0,3.411954413E0
1.253069496E2,6.494688571E1,2.554975521E1,2.985451966E1,1.393571260E0,2.845458764E2,4.710341120E0,3.411337504E0
1.263069491E2,6.494688781E1,2.554972820E1,2.987360625E1,1.536091279E0,2.818549026E2,4.717713943E0,3.401133956E0
1.273069485E2,6.494689935E1,2.554968713E1,2.899648197E1,1.734381938E0,2.887861300E2,4.722699022E0,3.394208447E0
1.283070759E2,6.494690707E1,2.554965686E1,2.885205116E1,1.624140332E0,2.874986091E2,4.728818685E0,3.385677314E0
1.293069686E2,6.494691579E1,2.554963124E1,2.900763305E1,1.571347402E0,2.951789204E2,4.731069914E0,3.382530783E0
1.303069679E2,6.494692079E1,2.554960370E1,2.880826101E1,1.539696566E0,2.912326783E2,4.733051311E0,3.379757731E0
1.313079124E2,6.494692579E1,2.554957346E1,2.883539174E1,1.586223852E0,2.908895162E2,4.733613002E0,3.378970994E0
1.323072038E2,6.494692897E1,2.554954187E1,2.872258192E1,1.594481959E0,2.894922201E2,4.729402395E0,3.384861890E0
1.333072032E2,6.494693040E1,2.554950479E1,2.845454560E1,1.679895994E0,2.827532481E2,4.724989437E0,3.391019295E0
1.343070530E2,6.494693264E1,2.554946581E1,2.822332039E1,1.691403731E0,2.806171946E2,4.723478662E0,3.393123394E0
1.353073534E2,6.494693662E1,2.554942588E1,2.819307139E1,1.703007013E0,2.797316152E2,4.722336835E0,3.394712336E0
1.363073528E2,6.494693835E1,2.554938572E1,2.785644659E1,1.663753808E0,2.810947639E2,4.720984961E0,3.396592120E0
1.373070514E2,6.494694243E1,2.554934787E1,2.726264579E1,1.646207890E0,2.834823827E2,4.715551517E0,3.404131449E0
1.383067716E2,6.494694670E1,2.554931697E1,2.793237499E1,1.613852144E0,2.849278534E2,4.717333349E0,3.401661816E0
1.393067716E2,6.494694653E1,2.554927794E1,2.774297639E1,1.669450260E0,2.778502779E2,4.715879776E0,3.403676684E0
1.403074997E2,6.494694801E1,2.554924199E1,2.789325059E1,1.666743994E0,2.762742740E2,4.712872598E0,3.407839331E0
1.413072569E2,6.494695082E1,2.554920937E1,2.737907249E1,1.576399624E0,2.812875931E2,4.710919465E0,3.410538788E0
1.423072562E2,6.494695094E1,2.554917410E1,2.731757786E1,1.635400411E0,2.786372605E2,4.710062033E0,3.411722831E0
1.433072557E2,6.494695451E1,2.554914204E1,2.745718785E1,1.648904525E0,2.811030567E2,4.707407237E0,3.415384917E0
1.443072553E2,6.494695743E1,2.554910865E1,2.734254707E1,1.682816130E0,2.842655904E2,4.703720457E0,3.420460627E0
1.453072556E2,6.494695934E1,2.554908074E1,2.676324495E1,1.633045502E0,2.863586102E2,4.706648109E0,3.416430976E0
1.463072547E2,6.494696016E1,2.554904943E1,2.699665852E1,1.626036857E0,2.793427455E2,4.702257840E0,3.422471072E0
1.473072541E2,6.494696194E1,2.554901750E1,2.676488868E1,1.636877558E0,2.787325643E2,4.702042604E0,3.422766773E0
1.483072545E2,6.494696505E1,2.554898521E1,2.686653889E1,1.673142187E0,2.748910840E2,4.699108951E0,3.426793268E0
1.493072541E2,6.494696485E1,2.554895092E1,2.694792498E1,1.679276804E0,2.741982220E2,4.699543001E0,3.426197983E0
1.503072533E2,6.494696859E1,2.554891799E1,2.679208881E1,1.665653807E0,2.806930396E2,4.696138411E0,3.430863019E0
1.513072529E2,6.494696787E1,2.554888618E1,2.635381113E1,1.671634304E0,2.743506444E2,4.700152710E0,3.425361519E0
1.523072528E2,6.494696832E1,2.554885604E1,2.616250068E1,1.645059237E0,2.746951326E2,4.705092975E0,3.418572382E0
1.533072529E2,6.494696708E1,2.554882415E1,2.593493144E1,1.649432720E0,2.712014614E2,4.707898060E0,3.414708317E0
1.543072522E2,6.494696754E1,2.554879352E1,2.581182249E1,1.645020441E0,2.727638254E2,4.706986874E0,3.415964226E0
1.553072526E2,6.494696644E1,2.554876133E1,2.588389783E1,1.667101524E0,2.624458780E2,4.704332666E0,3.419618575E0
1.563072520E2,6.494697096E1,2.554873028E1,2.579519373E1,1.638413724E0,2.721988439E2,4.703168465E0,3.421219582E0
1.573072513E2,6.494697736E1,2.554869743E1,2.585810492E1,1.670221699E0,2.826482394E2,4.707332330E0,3.415488160E0
1.583072510E2,6.494698180E1,2.554866364E1,2.519809730E1,1.678775815E0,2.866382285E2,4.709992253E0,3.411819164E0
1.593072509E2,6.494697809E1,2.554862736E1,2.509493761E1,1.658982146E0,2.766737746E2,4.712640265E0,3.408160613E0
1.603072510E2,6.494697973E1,2.554859390E1,2.472405341E1,1.641420298E0,2.805474316E2,4.712970651E0,3.407703724E0
1.613072506E2,6.494698106E1,2.554855901E1,2.539927180E1,1.617708178E0,2.805220596E2,4.713986806E0,3.406297907E0
1.623072507E2,6.494698104E1,2.554852216E1,2.547537060E1,1.636213918E0,2.763940404E2,4.709627362E0,3.412322838E0
1.633072497E2,6.494698261E1,2.554848827E1,2.473450734E1,1.608513044E0,2.779550209E2,4.709963001E0,3.411859546E0
1.643072498E2,6.494698130E1,2.554845288E1,2.475822122E1,1.622745987E0,2.730016015E2,4.711619088E0,3.409572202E0
1.653072501E2,6.494698549E1,2.554841857E1,2.468262696E1,1.627924954E0,2.790247356E2,4.709385079E0,3.412657206E0
1.663072496E2,6.494698228E1,2.554838092E1,2.517395339E1,1.652110486E0,2.699721062E2,4.707178617E0,3.415700002E0
1.673072490E2,6.494698476E1,2.554834618E1,2.527978048E1,1.652964067E0,2.726115438E2,4.708451603E0,3.413945011E0
1.683072491E2,6.494698922E1,2.554831309E1,2.578378421E1,1.638011918E0,2.782140125E2,4.707690017E0,3.414995130E0
1.693072486E2,6.494698942E1,2.554827962E1,2.542351720E1,1.627941930E0,2.763134239E2,4.704632167E0,3.419206517E0
1.703072483E2,6.494699386E1,2.554824636E1,2.574505529E1,1.642018557E0,2.803859927E2,4.702983610E0,3.421473688E0
1.713072483E2,6.494699587E1,2.554821160E1,2.581548148E1,1.646546978E0,2.807060160E2,4.699109081E0,3.426793090E0
1.723072483E2,6.494699659E1,2.554817737E1,2.578614711E1,1.634755216E0,2.780168005E2,4.701045848E0,3.424135652E0
1.733072477E2,6.494699741E1,2.554814321E1,2.539809385E1,1.615315852E0,2.790832082E2,4.701652377E0,3.423302785E0
1.743072471E2,6.494699856E1,2.554811194E1,2.525871122E1,1.573124341E0,2.758621463E2,4.697673022E0,3.428761469E0
1.753072469E2,6.494700054E1,2.554808140E1,2.490549474E1,1.574041163E0,2.765113134E2,4.694848156E0,3.432628413E0
1.763072473E2,6.494699910E1,2.554804857E1,2.505417134E1,1.622529352E0,2.716925336E2,4.692165467E0,3.436294554E0
1.773072469E2,6.494700071E1,2.554801742E1,2.435262437E1,1.610827638E0,2.802603756E2,4.689284327E0,3.440225216E0
1.783072461E2,6.494700461E1,2.554798807E1,2.442082290E1,1.629406944E0,2.851834111E2,4.688583984E0,3.441179632E0
1.793072464E2,6.494700009E1,2.554795672E1,2.373142646E1,1.627848236E0,2.768814547E2,4.693462089E0,3.434523352E0
1.803072463E2,6.494700280E1,2.554792347E1,2.354942883E1,1.657863646E0,2.798307542E2,4.698988907E0,3.426957876E0
1.813072465E2,6.494700641E1,2.554788902E1,2.329641174E1,1.656149032E0,2.815478640E2,4.701968633E0,3.422868389E0
1.823072458E2,6.494700470E1,2.554785567E1,2.329845847E1,1.640561488E0,2.741592425E2,4.702469062E0,3.422180848E0
1.833072458E2,6.494700744E1,2.554782300E1,2.330991943E1,1.607859636E0,2.765722740E2,4.707779643E0,3.414871573E0
1.843072448E2,6.494700610E1,2.554778450E1,2.343470835E1,1.652373274E0,2.717674494E2,4.709126508E0,3.413014001E0
1.853072451E2,6.494700610E1,2.554774902E1,2.367257168E1,1.619708738E0,2.690863002E2,4.711762120E0,3.409374540E0
1.863072453E2,6.494700694E1,2.554771264E1,2.403950929E1,1.637541665E0,2.723120547E2,4.710720027E0,3.410814251E0
1.873072450E2,6.494700830E1,2.554767619E1,2.454322454E1,1.614965939E0,2.754714365E2,4.704153760E0,3.419864681E0
1.883072446E2,6.494700907E1,2.554764125E1,2.420139270E1,1.645072568E0,2.786441649E2,4.698758169E0,3.427274238E0
1.893072444E2,6.494701467E1,2.554761046E1,2.396768980E1,1.636504518E0,2.877543569E2,4.699131412E0,3.426762467E0
1.903072436E2,6.494701908E1,2.554758061E1,2.425845696E1,1.642506921E0,2.921964651E2,4.702691090E0,3.421875736E0
1.913072435E2,6.494701327E1,2.554754309E1,2.454150533E1,1.632200761E0,2.767273741E2,4.704889402E0,3.418852548E0
1.923072430E2,6.494702083E1,2.554751461E1,2.544667452E1,1.547810727E0,2.872048732E2,4.706503520E0,3.416630159E0
1.933072435E2,6.494702515E1,2.554748135E1,2.540535354E1,1.552733966E0,2.931252742E2,4.705538487E0,3.417959125E0
1.943072428E2,6.494702915E1,2.554744721E1,2.527573341E1,1.622958991E0,2.953282911E2,4.710302812E0,3.411390398E0
1.953072426E2,6.494703289E1,2.554741722E1,2.588389230E1,1.634499827E0,2.953371879E2,4.715426632E0,3.404304439E0
1.963072426E2,6.494703791E1,2.554738980E1,2.650085293E1,1.531947268E0,2.962435470E2,4.717334992E0,3.401659537E0
1.973072424E2,6.494703415E1,2.554736831E1,2.627103619E1,1.023530734E0,2.846868285E2,4.715181483E0,3.404643977E0
1.983072423E2,6.494703648E1,2.554734044E1,2.666418289E1,1.240685932E0,2.863700953E2,4.715464592E0,3.404251859E0
1.993072421E2,6.494704099E1,2.554730527E1,2.643419843E1,1.439376178E0,2.889628563E2,4.714510135E0,3.405573552E0
2.003072422E2,6.494704129E1,2.554726923E1,2.649538908E1,1.477847047E0,2.877638744E2,4.717319634E0,3.401680835E0
2.013072414E2,6.494704593E1,2.554724100E1,2.642361193E1,1.408551957E0,2.894556531E2,4.719279340E0,3.398961539E0
2.023072411E2,6.494704703E1,2.554720822E1,2.653963927E1,1.440764158E0,2.842877826E2,4.722327634E0,3.394725137E0
2.033072407E2,6.494704707E1,2.554717004E1,2.632537325E1,1.585818270E0,2.838744464E2,4.726676363E0,3.388667525E0
2.043072409E2,6.494704799E1,2.554715400E1,2.699104340E1,1.108660736E0,2.814228480E2,4.725506976E0,3.390298047E0
2.053072403E2,6.494704667E1,2.554711555E1,2.625429436E1,1.410879699E0,2.792630596E2,4.723291661E0,3.393383697E0
2.063072407E2,6.494704702E1,2.554707778E1,2.643942716E1,1.464327500E0,2.813454162E2,4.724034194E0,3.392349919E0
2.073072405E2,6.494704780E1,2.554704622E1,2.755583631E1,1.408198642E0,2.827241864E2,4.723864065E0,3.392586819E0
2.083072405E2,6.494704973E1,2.554701543E1,2.766786508E1,1.420416423E0,2.872864030E2,4.724311606E0,3.391963573E0
2.093072399E2,6.494704843E1,2.554698762E1,2.727534282E1,1.176027258E0,2.809818200E2,4.722219172E0,3.394876011E0
2.103072393E2,6.494705208E1,2.554695530E1,2.778730382E1,1.313534124E0,2.859104957E2,4.723736496E0,3.392764441E0
2.113072399E2,6.494705839E1,2.554692021E1,2.829954147E1,1.434182025E0,2.887102904E2,4.716118842E0,3.403345428E0
2.123072395E2,6.494706141E1,2.554688460E1,2.766709635E1,1.562801575E0,2.855612756E2,4.714403957E0,3.405720535E0
2.133072385E2,6.494706669E1,2.554686673E1,2.778663553E1,1.053797946E0,2.901797527E2,4.711474360E0,3.409772190E0
2.143072392E2,6.494707028E1,2.554683736E1,2.805221293E1,1.225758406E0,2.863290475E2,4.706394181E0,3.416780773E0
2.153072388E2,6.494707802E1,2.554679793E1,2.770081115E1,1.537842949E0,2.871925414E2,4.708034387E0,3.414520354E0
2.163072379E2,6.494707728E1,2.554677236E1,2.772294404E1,1.117945208E0,2.859334135E2,4.710830044E0,3.410662300E0
2.173072382E2,6.494708349E1,2.554673558E1,2.856002293E1,1.517092931E0,2.862259458E2,4.710977547E0,3.410458559E0
2.183072373E2,6.494708533E1,2.554671202E1,2.822538111E1,1.056784025E0,2.822180230E2,4.709509390E0,3.412485654E0
2.193072376E2,6.494709285E1,2.554668267E1,2.852404787E1,1.288671523E0,2.876991351E2,4.708582930E0,3.413763879E0
2.203072378E2,6.494709811E1,2.554664766E1,2.868588197E1,1.416412319E0,2.891106272E2,4.704053022E0,3.420003245E0
2.213072367E2,6.494710032E1,2.554661249E1,2.845167040E1,1.385679203E0,2.889899641E2,4.703217929E0,3.421151582E0
2.223072367E2,6.494709843E1,2.554659187E1,2.851064881E1,1.123822322E0,2.821468830E2,4.702618624E0,3.421975323E0
2.233072371E2,6.494710007E1,2.554654983E1,2.851017317E1,1.482859193E0,2.825801397E2,4.702994296E0,3.421459000E0
2.243072366E2,6.494709981E1,2.554652478E1,2.890159145E1,1.171389548E0,2.792442614E2,4.704154599E0,3.419863527E0
2.253072364E2,6.494709978E1,2.554648845E1,2.899675810E1,1.218047798E0,2.829122456E2,4.693700771E0,3.434197156E0